<beans xmlns="http://www.springframework.org/schema/beans"
       xmlns:xsi="http://www.w3.org/2001/XMLSchema-instance"
       xsi:schemaLocation="http://www.springframework.org/schema/beans http://www.springframework.org/schema/beans/spring-beans.xsd">

    <bean id="obj" class="aop.A"></bean>
    <bean id="ba" class="aop.BeforeAdvaiceExample"></bean>  
    <bean id="proxy" class="org.springframework.aop.framework.ProxyFactoryBean">  
<property name="target" ref="obj"></property>  
<property name="interceptorNames">  
<list>  
<value>ba</value>  
</list>  
</property>  
</bean>  
</beans>