<?xml version="1.0" encoding="UTF-8"?>  
<beans
xmlns="http://www.springframework.org/schema/beans"
xmlns:xsi="http://www.w3.org/2001/XMLSchema-instance"
xmlns:p="http://www.springframework.org/schema/p"
xsi:schemaLocation="http://www.springframework.org/schema/beans
http://www.springframework.org/schema/beans/spring-beans-3.0.xsd">  
	  
<bean id="emp" class="ci.Emp">  
<constructor-arg value="emp1" type="String"></constructor-arg>
<constructor-arg>
<map>
<entry key="empid" value="1001"></entry>
<entry key="salary" value="45000"></entry>
<entry key="desig" value="manager"></entry> 
</map>

</constructor-arg>  
</bean>  
	  
</beans>  